scope,code,display_name,canonical_repository,registry_at_pinned_base,registry_lifecycle_status,registry_visibility,public_graduation_allowed,visibility_lock,migration_status,destination,storage,recorded_migration_source_commit,historical_inventory_2026_07_26,current_metadata_retrieved_2026_10_05,current_visibility,current_archived,current_default_branch,current_main_tip_sha,current_main_protected,metadata_updated_at_utc,metadata_pushed_at_utc,privacy_classification,evidence
governed,aj01,AskJamie Resume Representative,OKHP3/askjamie-aj01-resume-representative,yes,active,private,true,,planned,capabilities/askjamie-aj01-resume-representative,private-external,,listed; private active main; local clone clean at capture,yes,private,false,main,b4910c7b52f93069f71e1f18e90cf365c6b0d0d5,false,2026-09-18T05:43:34Z,2026-09-18T05:43:29Z,private capability; no private files inspected,registry/index.yaml@0e340c5ee18396c8de59aa0b7d01780d0dce83e4; inventory snapshot 2026-07-26; GitHub repo and branches/main metadata GET 2026-10-05
governed,aj02,AskJamie Professional Portfolio,OKHP3/askjamie-aj02-professional-portfolio,yes,draft,private,true,,planned,capabilities/askjamie-aj02-professional-portfolio,private-external,,listed; private active main; local clone clean at capture,yes,private,false,main,5b29132b0eacdb8bce609e946ed948e430b6a3a3,false,2026-08-06T12:32:14Z,2026-08-06T12:29:13Z,private capability; no private files inspected,registry/index.yaml@0e340c5ee18396c8de59aa0b7d01780d0dce83e4; inventory snapshot 2026-07-26; GitHub repo and branches/main metadata GET 2026-10-05
governed,aj03,AskJamie Enterprise Sleuth,OKHP3/askjamie-aj03-enterprise-sleuth,yes,draft,private,true,,planned,capabilities/askjamie-aj03-enterprise-sleuth,private-external,,listed; private active main; local clone clean at capture,yes,private,false,main,353e14ff041de976d605ed89d5d11b7a9f30ebdc,false,2026-08-06T12:29:33Z,2026-08-06T12:29:18Z,private capability; no private files inspected,registry/index.yaml@0e340c5ee18396c8de59aa0b7d01780d0dce83e4; inventory snapshot 2026-07-26; GitHub repo and branches/main metadata GET 2026-10-05
governed,aj04,AskJamie BrandGuard,OKHP3/askjamie-aj04-brandguard,yes,draft,private,true,,planned,capabilities/askjamie-aj04-brandguard,private-external,,listed; private active main; local clone clean at capture,yes,private,false,main,667a1604efd6032d9434bee8e7cd214409c7e78f,false,2026-09-16T20:49:09Z,2026-09-16T20:49:05Z,private capability; no private files inspected,registry/index.yaml@0e340c5ee18396c8de59aa0b7d01780d0dce83e4; inventory snapshot 2026-07-26; GitHub repo and branches/main metadata GET 2026-10-05
governed,brg00,BrandGuard Builders FirstSource,OKHP3/askjamie-brg00-builders-firstsource,yes,active,private,false,permanent-private,planned,capabilities/askjamie-brg00-builders-firstsource,private-external,,listed; private active main; local clone clean at capture; permanently private,yes,private,false,main,a93edb61572719451e682007a5d1effa087e22ef,false,2026-08-06T12:31:11Z,2026-08-06T12:30:49Z,private client overlay; permanent lock,registry/index.yaml@0e340c5ee18396c8de59aa0b7d01780d0dce83e4; inventory snapshot 2026-07-26; GitHub repo and branches/main metadata GET 2026-10-05
governed,brg01,BrandGuard LEGO,OKHP3/askjamie-brg01-lego,yes,draft,private,false,permanent-private,planned,capabilities/askjamie-brg01-lego,private-external,,listed; private active main; local clone clean at capture,yes,private,false,main,d6a65ed381fa3d6dfacb78c5a995c7c2b8c55815,false,2026-08-11T00:12:01Z,2026-08-22T02:12:13Z,private capability; permanent lock,registry/index.yaml@0e340c5ee18396c8de59aa0b7d01780d0dce83e4; inventory snapshot 2026-07-26; GitHub repo and branches/main metadata GET 2026-10-05
governed,brg12,BrandGuard Mathews Archery,OKHP3/askjamie-brg12-mathews-archery,yes,draft,private,false,permanent-private,planned,capabilities/askjamie-brg12-mathews-archery,private-external,,listed; private active main; local clone clean at capture,yes,private,false,main,47a127b292bf1f2e7efe9e1853c92cb4a33a831e,false,2026-09-20T15:06:22Z,2026-09-20T15:10:31Z,private capability; permanent lock,registry/index.yaml@0e340c5ee18396c8de59aa0b7d01780d0dce83e4; inventory snapshot 2026-07-26; GitHub repo and branches/main metadata GET 2026-10-05
governed,aj03,BFS Enterprise Sleuth Overlay,OKHP3/buildersfirstsource-askjamie-aj03-enterprise-sleuth,yes,draft,private,false,permanent-private,planned,capabilities/buildersfirstsource-askjamie-aj03-enterprise-sleuth,private-external,,listed; private active main; local clone clean at capture; permanently private client overlay,yes,private,false,main,33aef24aa1a38015ed72035229ec68b7dd85efea,false,2026-09-01T18:52:46Z,2026-09-01T18:47:27Z,private client overlay; permanent lock,registry/index.yaml@0e340c5ee18396c8de59aa0b7d01780d0dce83e4; inventory snapshot 2026-07-26; GitHub repo and branches/main metadata GET 2026-10-05
governed,aj03,CVS Health Enterprise Sleuth Overlay,OKHP3/cvshealth-askjamie-aj03-enterprise-sleuth,yes,draft,private,false,permanent-private,planned,capabilities/cvshealth-askjamie-aj03-enterprise-sleuth,private-external,,listed; private active main; local clone clean at capture; permanently private client overlay,yes,private,false,main,497cbe3f129e0da78f41f84f833af29925d0bf49,false,2026-09-16T20:49:11Z,2026-09-16T20:49:05Z,private client overlay; permanent lock,registry/index.yaml@0e340c5ee18396c8de59aa0b7d01780d0dce83e4; inventory snapshot 2026-07-26; GitHub repo and branches/main metadata GET 2026-10-05
inventory_only,brg02,Starbucks,OKHP3/askjamie-brg02-starbucks,no,,,,,,,,,listed; private active main; local clone clean at capture,yes,private,false,main,abea308ab0f86f31401d357f1e3da6b1c3d466aa,false,2026-09-20T14:42:09Z,2026-09-20T15:09:57Z,private remote; governance and source classification unresolved,inventory snapshot 2026-07-26; GitHub repo and branches/main metadata GET 2026-10-05
inventory_only,brg03,Brooks Running,OKHP3/askjamie-brg03-brooks-running,no,,,,,,,,,listed; private active main; local clone clean at capture,yes,private,false,main,007e261ca6362e21605397e9d23dd465271ad769,false,2026-08-11T00:12:02Z,2026-08-22T02:12:13Z,private remote; governance and source classification unresolved,inventory snapshot 2026-07-26; GitHub repo and branches/main metadata GET 2026-10-05
inventory_only,brg04,PING,OKHP3/askjamie-brg04-ping,no,,,,,,,,,listed; private active main; local clone clean at capture,yes,private,false,main,9aa7f8770cc6e127084da773f7e0425decf45609,false,2026-08-06T12:31:16Z,2026-08-06T12:30:53Z,private remote; governance and source classification unresolved,inventory snapshot 2026-07-26; GitHub repo and branches/main metadata GET 2026-10-05
inventory_only,brg05,Costco,OKHP3/askjamie-brg05-costco,no,,,,,,,,,listed; private active main; local clone clean at capture,yes,private,false,main,fb3060fe63b0ba9ca5c1479757b65871357dcf6a,false,2026-08-06T13:26:04Z,2026-08-06T13:25:07Z,private remote; governance and source classification unresolved,inventory snapshot 2026-07-26; GitHub repo and branches/main metadata GET 2026-10-05
inventory_only,brg06,Hershey,OKHP3/askjamie-brg06-hershey,no,,,,,,,,,listed; private active main; local clone clean at capture,yes,private,false,main,30d1e34383cb00da2ba3ee28ef530eb3fd12c591,false,2026-09-20T14:47:09Z,2026-09-20T14:47:12Z,private remote; governance and source classification unresolved,inventory snapshot 2026-07-26; GitHub repo and branches/main metadata GET 2026-10-05
inventory_only,brg07,LVMH,OKHP3/askjamie-brg07-lvmh,no,,,,,,,,,listed; private active main; local clone clean at capture,yes,private,false,main,b15ebd38952ba332b9dd2981f15a1c02ae201f94,false,2026-08-06T12:34:38Z,2026-08-06T12:30:56Z,private remote; governance and source classification unresolved,inventory snapshot 2026-07-26; GitHub repo and branches/main metadata GET 2026-10-05
inventory_only,brg08,Dollar General,OKHP3/askjamie-brg08-dollar-general,no,,,,,,,,,listed; private active main; local clone clean at capture,yes,private,false,main,960c6336ebdd8f2a7126bea981768da8bbebe6c8,false,2026-08-06T12:31:29Z,2026-08-06T12:30:57Z,private remote; governance and source classification unresolved,inventory snapshot 2026-07-26; GitHub repo and branches/main metadata GET 2026-10-05
inventory_only,brg09,Coca-Cola,OKHP3/askjamie-brg09-coca-cola,no,,,,,,,,,listed; private active main; local clone clean at capture,yes,private,false,main,ec45b2ace89b8487f84b29be7214ff28beb09a52,false,2026-08-10T23:43:31Z,2026-10-05T09:47:23Z,private remote; governance and source classification unresolved,inventory snapshot 2026-07-26; GitHub repo and branches/main metadata GET 2026-10-05
inventory_only,brg10,Discount Tire,OKHP3/askjamie-brg10-discount-tire,no,,,,,,,,,listed; private active main; local clone clean at capture,yes,private,false,main,a90917c5c3f7938a58dae036eca33254688bf9a3,false,2026-08-06T12:31:41Z,2026-08-06T12:31:15Z,private remote; governance and source classification unresolved,inventory snapshot 2026-07-26; GitHub repo and branches/main metadata GET 2026-10-05
inventory_only,brg11,Scheels,OKHP3/askjamie-brg11-scheels,no,,,,,,,,,listed; private active main; local clone clean at capture,yes,private,false,main,3f6133b579821fba932391e5433077aa7c949c64,false,2026-09-20T15:14:23Z,2026-09-20T15:32:39Z,private remote; governance and source classification unresolved,inventory snapshot 2026-07-26; GitHub repo and branches/main metadata GET 2026-10-05
